{
  "overall": {
    "mean": 0.8880392641529513,
    "std": 0.12203297748085647,
    "median": 0.9326186129999999,
    "p25": 0.8340414091000001,
    "p75": 0.9819665896000002,
    "n": 66786
  },
  "by_age": {
    "mean": {
      "(18, 30]": 0.9351483495868936,
      "(30, 40]": 0.9221541023432863,
      "(40, 50]": 0.9040611333058413,
      "(50, 60]": 0.8778683509900794,
      "(60, 70]": 0.8650367949519975,
      "(70, 80]": 0.847214873009205,
      "(80, 100]": 0.7915575222149761
    },
    "std": {
      "(18, 30]": 0.07973943809118426,
      "(30, 40]": 0.09345111966486429,
      "(40, 50]": 0.11299528210884584,
      "(50, 60]": 0.1316210292927149,
      "(60, 70]": 0.13067521620641812,
      "(70, 80]": 0.13145711900389914,
      "(80, 100]": 0.13831067901153574
    },
    "count": {
      "(18, 30]": 10224,
      "(30, 40]": 10382,
      "(40, 50]": 9998,
      "(50, 60]": 11592,
      "(60, 70]": 12441,
      "(70, 80]": 7887,
      "(80, 100]": 3352
    }
  },
  "by_condition": {
    "diabetes": {
      "with_condition_mean": 0.8093906044383979,
      "with_condition_std": 0.1432864260420275,
      "without_condition_mean": 0.9009817925087146,
      "without_condition_std": 0.11304445212054566,
      "decrement": 0.09159118807031663,
      "n_with": 9438,
      "n_without": 57341
    },
    "hypertension": {
      "with_condition_mean": 0.8381770090814682,
      "with_condition_std": 0.13804394540374357,
      "without_condition_mean": 0.9196166934453047,
      "without_condition_std": 0.09842409883951236,
      "decrement": 0.08143968436383653,
      "n_with": 25880,
      "n_without": 40883
    },
    "heart_disease": {
      "with_condition_mean": 0.7871496019659145,
      "with_condition_std": 0.14632418460209304,
      "without_condition_mean": 0.8947924489739233,
      "without_condition_std": 0.11716636946890227,
      "decrement": 0.10764284700800875,
      "n_with": 4166,
      "n_without": 62600
    },
    "stroke": {
      "with_condition_mean": 0.7618904167020808,
      "with_condition_std": 0.1460197396512917,
      "without_condition_mean": 0.8947245667664022,
      "without_condition_std": 0.11689093402844872,
      "decrement": 0.13283415006432142,
      "n_with": 3364,
      "n_without": 63415
    },
    "cancer": {
      "with_condition_mean": 0.8449418870824226,
      "with_condition_std": 0.13583127893048225,
      "without_condition_mean": 0.894738188159928,
      "without_condition_std": 0.11833966676023476,
      "decrement": 0.049796301077505434,
      "n_with": 8949,
      "n_without": 57821
    },
    "arthritis": {
      "with_condition_mean": 0.8128708943870356,
      "with_condition_std": 0.14214962935730596,
      "without_condition_mean": 0.9210131655152716,
      "without_condition_std": 0.09483924178557464,
      "decrement": 0.10814227112823593,
      "n_with": 20348,
      "n_without": 46426
    }
  },
  "within_age_std": 0.11689284048278033
}