method,beta,se,pval,nsnp,intercept,intercept_pval,OR,OR_lci,OR_uci,exposure,outcome
IVW,0.9247404121095844,0.03049706694890676,5.831580175622291e-202,192,,,2.5212136988583307,2.3749257192440467,2.6765125594472163,BMI,T2DM
Weighted Median,1.0392656807751148,0.021564682845872103,0.0,192,,,2.8271402285117544,2.710136228364066,2.949195611651663,BMI,T2DM
MR-Egger,0.9115874261644468,0.0754007790862591,1.194407357130203e-33,192,0.002177502613931606,0.2884680820412061,2.488269343781477,2.146421204446364,2.88456166682331,BMI,T2DM
IVW,0.2631619237120629,0.044143794809229774,2.4997828711110996e-09,192,,,1.3010373706971035,1.1932015657508996,1.4186188558051314,BMI,MI
Weighted Median,0.21841485744179961,0.031214376656913893,2.610316647129928e-12,192,,,1.244103085998221,1.1702702197497374,1.3225941004645003,BMI,MI
MR-Egger,0.2680716214934324,0.04762149755636345,1.810322204989749e-08,192,-0.0008024318698854759,0.5350359044511634,1.3074407775227275,1.1909287754583489,1.4353514852904132,BMI,MI
