{
  "id": "daily_sunscreen",
  "name": "Daily Sunscreen SPF 30+",
  "category": "medical",
  "description": "Daily application of SPF 30+ broad-spectrum sunscreen to exposed skin areas",
  "results": {
    "30_male": {
      "age": 30,
      "sex": "male",
      "qaly_median": 0.03402015885617082,
      "qaly_mean": 0.03182433617728485,
      "qaly_ci95_low": -0.4851769856205941,
      "qaly_ci95_high": 0.5123079249947933,
      "cvd_contribution": 0.017427704886233762,
      "cancer_contribution": 0.007711798106908295,
      "other_contribution": 0.00910126564865182,
      "life_years_gained": 0.1691485707939293,
      "causal_fraction_mean": 0.8,
      "causal_fraction_ci95_low": 0.517503485082663,
      "causal_fraction_ci95_high": 0.9718550265221018,
      "n_samples": 5000,
      "discount_rate": 0.03,
      "method": "monte_carlo"
    },
    "30_female": {
      "age": 30,
      "sex": "female",
      "qaly_median": 0.02565215238576002,
      "qaly_mean": 0.023363972298791492,
      "qaly_ci95_low": -0.3707359552817019,
      "qaly_ci95_high": 0.38615296177537295,
      "cvd_contribution": 0.013819721998684018,
      "cancer_contribution": 0.005291095554135194,
      "other_contribution": 0.006879030226982469,
      "life_years_gained": 0.1479095058081441,
      "causal_fraction_mean": 0.8,
      "causal_fraction_ci95_low": 0.517503485082663,
      "causal_fraction_ci95_high": 0.9718550265221018,
      "n_samples": 5000,
      "discount_rate": 0.03,
      "method": "monte_carlo"
    },
    "40_male": {
      "age": 40,
      "sex": "male",
      "qaly_median": 0.04116322682023643,
      "qaly_mean": 0.03918705115862463,
      "qaly_ci95_low": -0.5745890944441742,
      "qaly_ci95_high": 0.6131758638469051,
      "cvd_contribution": 0.02143065887880296,
      "cancer_contribution": 0.008840512435201623,
      "other_contribution": 0.010510189861473881,
      "life_years_gained": 0.1611459588105646,
      "causal_fraction_mean": 0.8,
      "causal_fraction_ci95_low": 0.517503485082663,
      "causal_fraction_ci95_high": 0.9718550265221018,
      "n_samples": 5000,
      "discount_rate": 0.03,
      "method": "monte_carlo"
    },
    "40_female": {
      "age": 40,
      "sex": "female",
      "qaly_median": 0.03251551666157759,
      "qaly_mean": 0.029987037149681085,
      "qaly_ci95_low": -0.4585724910146502,
      "qaly_ci95_high": 0.481473535065358,
      "cvd_contribution": 0.017540216553255585,
      "cancer_contribution": 0.006349859659737325,
      "other_contribution": 0.008395073340090198,
      "life_years_gained": 0.14349379561431164,
      "causal_fraction_mean": 0.8,
      "causal_fraction_ci95_low": 0.517503485082663,
      "causal_fraction_ci95_high": 0.9718550265221018,
      "n_samples": 5000,
      "discount_rate": 0.03,
      "method": "monte_carlo"
    },
    "50_male": {
      "age": 50,
      "sex": "male",
      "qaly_median": 0.04680051225884174,
      "qaly_mean": 0.04537646973794606,
      "qaly_ci95_low": -0.6631794029710802,
      "qaly_ci95_high": 0.7128473753059994,
      "cvd_contribution": 0.025643038113828294,
      "cancer_contribution": 0.009541236351312446,
      "other_contribution": 0.012071963763281762,
      "life_years_gained": 0.1504674373718924,
      "causal_fraction_mean": 0.8,
      "causal_fraction_ci95_low": 0.517503485082663,
      "causal_fraction_ci95_high": 0.9718550265221018,
      "n_samples": 5000,
      "discount_rate": 0.03,
      "method": "monte_carlo"
    },
    "50_female": {
      "age": 50,
      "sex": "female",
      "qaly_median": 0.03884931460947705,
      "qaly_mean": 0.03635115752410057,
      "qaly_ci95_low": -0.5474621856486653,
      "qaly_ci95_high": 0.5788224417202815,
      "cvd_contribution": 0.02155599343610295,
      "cancer_contribution": 0.007116428058411653,
      "other_contribution": 0.010018883278642986,
      "life_years_gained": 0.13624309920094646,
      "causal_fraction_mean": 0.8,
      "causal_fraction_ci95_low": 0.517503485082663,
      "causal_fraction_ci95_high": 0.9718550265221018,
      "n_samples": 5000,
      "discount_rate": 0.03,
      "method": "monte_carlo"
    },
    "60_male": {
      "age": 60,
      "sex": "male",
      "qaly_median": 0.05036140957378343,
      "qaly_mean": 0.05025698050626995,
      "qaly_ci95_low": -0.7010698661911083,
      "qaly_ci95_high": 0.7659628720661997,
      "cvd_contribution": 0.028421450219616,
      "cancer_contribution": 0.008934403833515334,
      "other_contribution": 0.013041278455765488,
      "life_years_gained": 0.13321720458017516,
      "causal_fraction_mean": 0.8,
      "causal_fraction_ci95_low": 0.517503485082663,
      "causal_fraction_ci95_high": 0.9718550265221018,
      "n_samples": 5000,
      "discount_rate": 0.03,
      "method": "monte_carlo"
    },
    "60_female": {
      "age": 60,
      "sex": "female",
      "qaly_median": 0.04352741692358997,
      "qaly_mean": 0.04170847518512278,
      "qaly_ci95_low": -0.6076929333071558,
      "qaly_ci95_high": 0.6505504236461678,
      "cvd_contribution": 0.024842175946948028,
      "cancer_contribution": 0.007069823517695721,
      "other_contribution": 0.011329355833701845,
      "life_years_gained": 0.12372805035395018,
      "causal_fraction_mean": 0.8,
      "causal_fraction_ci95_low": 0.517503485082663,
      "causal_fraction_ci95_high": 0.9718550265221018,
      "n_samples": 5000,
      "discount_rate": 0.03,
      "method": "monte_carlo"
    },
    "70_male": {
      "age": 70,
      "sex": "male",
      "qaly_median": 0.048681282758163746,
      "qaly_mean": 0.05035393372744555,
      "qaly_ci95_low": -0.6675108184577456,
      "qaly_ci95_high": 0.7441990244776441,
      "cvd_contribution": 0.02852054188638462,
      "cancer_contribution": 0.007073953155579037,
      "other_contribution": 0.012923665726248559,
      "life_years_gained": 0.10962017257719658,
      "causal_fraction_mean": 0.8,
      "causal_fraction_ci95_low": 0.517503485082663,
      "causal_fraction_ci95_high": 0.9718550265221018,
      "n_samples": 5000,
      "discount_rate": 0.03,
      "method": "monte_carlo"
    },
    "70_female": {
      "age": 70,
      "sex": "female",
      "qaly_median": 0.04379557030336745,
      "qaly_mean": 0.043282012079444786,
      "qaly_ci95_low": -0.6154576445951896,
      "qaly_ci95_high": 0.668406846086981,
      "cvd_contribution": 0.026212757827943172,
      "cancer_contribution": 0.00609763955600075,
      "other_contribution": 0.011836147050913378,
      "life_years_gained": 0.10517096683385141,
      "causal_fraction_mean": 0.8,
      "causal_fraction_ci95_low": 0.517503485082663,
      "causal_fraction_ci95_high": 0.9718550265221018,
      "n_samples": 5000,
      "discount_rate": 0.03,
      "method": "monte_carlo"
    }
  },
  "summary": {
    "qaly_median_all": 0.0423453218719132,
    "qaly_mean_all": 0.040536656115096825,
    "qaly_min": 0.02565215238576002,
    "qaly_max": 0.05036140957378343
  }
}