{
  "id": "walking_30min_daily",
  "name": "Walk 30 minutes daily",
  "category": "exercise",
  "description": "Moderate-paced walking for 30 minutes per day",
  "results": {
    "30_male": {
      "age": 30,
      "sex": "male",
      "qaly_median": 0.10799220024562395,
      "qaly_mean": 0.12346887519854058,
      "qaly_ci95_low": 0.008287025387992664,
      "qaly_ci95_high": 0.320900891597274,
      "cvd_contribution": 0.05486478286628907,
      "cancer_contribution": 0.024381187365681282,
      "other_contribution": 0.028966839799271706,
      "life_years_gained": 0.5371061238817347,
      "causal_fraction_mean": 0.3333333333333333,
      "causal_fraction_ci95_low": 0.07023306093996709,
      "causal_fraction_ci95_high": 0.6792859966304903,
      "n_samples": 5000,
      "discount_rate": 0.03,
      "method": "monte_carlo"
    },
    "30_female": {
      "age": 30,
      "sex": "female",
      "qaly_median": 0.08172052562674281,
      "qaly_mean": 0.09336707360418445,
      "qaly_ci95_low": 0.0061220023851364935,
      "qaly_ci95_high": 0.24247293897659322,
      "cvd_contribution": 0.0434606152318555,
      "cancer_contribution": 0.016716539383845083,
      "other_contribution": 0.02188106640508787,
      "life_years_gained": 0.4688498114887274,
      "causal_fraction_mean": 0.3333333333333333,
      "causal_fraction_ci95_low": 0.07023306093996709,
      "causal_fraction_ci95_high": 0.6792859966304903,
      "n_samples": 5000,
      "discount_rate": 0.03,
      "method": "monte_carlo"
    },
    "40_male": {
      "age": 40,
      "sex": "male",
      "qaly_median": 0.129345070962664,
      "qaly_mean": 0.14787544239939265,
      "qaly_ci95_low": 0.010512409192032113,
      "qaly_ci95_high": 0.3837462544695529,
      "cvd_contribution": 0.06750774165372903,
      "cancer_contribution": 0.027965987297356665,
      "other_contribution": 0.0334894763668247,
      "life_years_gained": 0.5118608574788652,
      "causal_fraction_mean": 0.3333333333333333,
      "causal_fraction_ci95_low": 0.07023306093996709,
      "causal_fraction_ci95_high": 0.6792859966304903,
      "n_samples": 5000,
      "discount_rate": 0.03,
      "method": "monte_carlo"
    },
    "40_female": {
      "age": 40,
      "sex": "female",
      "qaly_median": 0.10220392153357061,
      "qaly_mean": 0.11671868624648023,
      "qaly_ci95_low": 0.008253661806095903,
      "qaly_ci95_high": 0.3022927490736465,
      "cvd_contribution": 0.055181451511047266,
      "cancer_contribution": 0.02007007333537638,
      "other_contribution": 0.026722029578655958,
      "life_years_gained": 0.45493490415473303,
      "causal_fraction_mean": 0.3333333333333333,
      "causal_fraction_ci95_low": 0.07023306093996709,
      "causal_fraction_ci95_high": 0.6792859966304903,
      "n_samples": 5000,
      "discount_rate": 0.03,
      "method": "monte_carlo"
    },
    "50_male": {
      "age": 50,
      "sex": "male",
      "qaly_median": 0.1490913534541427,
      "qaly_mean": 0.1706961488252768,
      "qaly_ci95_low": 0.011280265809787117,
      "qaly_ci95_high": 0.44500272383716327,
      "cvd_contribution": 0.08083380869623653,
      "cancer_contribution": 0.030206182076229174,
      "other_contribution": 0.038507088651263996,
      "life_years_gained": 0.47813637157540967,
      "causal_fraction_mean": 0.3333333333333333,
      "causal_fraction_ci95_low": 0.07023306093996709,
      "causal_fraction_ci95_high": 0.6792859966304903,
      "n_samples": 5000,
      "discount_rate": 0.03,
      "method": "monte_carlo"
    },
    "50_female": {
      "age": 50,
      "sex": "female",
      "qaly_median": 0.122431846250187,
      "qaly_mean": 0.1399068023826987,
      "qaly_ci95_low": 0.009771487374936695,
      "qaly_ci95_high": 0.3629002707643074,
      "cvd_contribution": 0.06785049317772704,
      "cancer_contribution": 0.02250811133007264,
      "other_contribution": 0.03191523190606306,
      "life_years_gained": 0.4320687094019462,
      "causal_fraction_mean": 0.3333333333333333,
      "causal_fraction_ci95_low": 0.07023306093996709,
      "causal_fraction_ci95_high": 0.6792859966304903,
      "n_samples": 5000,
      "discount_rate": 0.03,
      "method": "monte_carlo"
    },
    "60_male": {
      "age": 60,
      "sex": "male",
      "qaly_median": 0.15962828177971744,
      "qaly_mean": 0.18288619947265614,
      "qaly_ci95_low": 0.012475428138435607,
      "qaly_ci95_high": 0.47704318623297465,
      "cvd_contribution": 0.08968726093267682,
      "cancer_contribution": 0.028323995833530333,
      "other_contribution": 0.04165274794862489,
      "life_years_gained": 0.4235927187966073,
      "causal_fraction_mean": 0.3333333333333333,
      "causal_fraction_ci95_low": 0.07023306093996709,
      "causal_fraction_ci95_high": 0.6792859966304903,
      "n_samples": 5000,
      "discount_rate": 0.03,
      "method": "monte_carlo"
    },
    "60_female": {
      "age": 60,
      "sex": "female",
      "qaly_median": 0.13706047885475847,
      "qaly_mean": 0.15673748760755665,
      "qaly_ci95_low": 0.01102671935398254,
      "qaly_ci95_high": 0.40705039102303814,
      "cvd_contribution": 0.07826007700965237,
      "cancer_contribution": 0.022388491774043853,
      "other_contribution": 0.036125848445817205,
      "life_years_gained": 0.39256950329328966,
      "causal_fraction_mean": 0.3333333333333333,
      "causal_fraction_ci95_low": 0.07023306093996709,
      "causal_fraction_ci95_high": 0.6792859966304903,
      "n_samples": 5000,
      "discount_rate": 0.03,
      "method": "monte_carlo"
    },
    "70_male": {
      "age": 70,
      "sex": "male",
      "qaly_median": 0.15409663845005195,
      "qaly_mean": 0.1767590794785295,
      "qaly_ci95_low": 0.012201695234210552,
      "qaly_ci95_high": 0.4619735944348593,
      "cvd_contribution": 0.09012153509754747,
      "cancer_contribution": 0.022475773874408564,
      "other_contribution": 0.04133620748814363,
      "life_years_gained": 0.34883090479970047,
      "causal_fraction_mean": 0.3333333333333333,
      "causal_fraction_ci95_low": 0.07023306093996709,
      "causal_fraction_ci95_high": 0.6792859966304903,
      "n_samples": 5000,
      "discount_rate": 0.03,
      "method": "monte_carlo"
    },
    "70_female": {
      "age": 70,
      "sex": "female",
      "qaly_median": 0.13945408848063323,
      "qaly_mean": 0.15974553626852825,
      "qaly_ci95_low": 0.010609889473269664,
      "qaly_ci95_high": 0.41680767591743284,
      "cvd_contribution": 0.0826703868062123,
      "cancer_contribution": 0.019348101191376376,
      "other_contribution": 0.03778657461453343,
      "life_years_gained": 0.3338997025188668,
      "causal_fraction_mean": 0.3333333333333333,
      "causal_fraction_ci95_low": 0.07023306093996709,
      "causal_fraction_ci95_high": 0.6792859966304903,
      "n_samples": 5000,
      "discount_rate": 0.03,
      "method": "monte_carlo"
    }
  },
  "summary": {
    "qaly_median_all": 0.13320277490871124,
    "qaly_mean_all": 0.1283024405638092,
    "qaly_min": 0.08172052562674281,
    "qaly_max": 0.15962828177971744
  }
}